CustomerID,Name,Region,Rating,Comments,Date
C001,Jesus,North,2.0,Sell data happy party collection yet.,2025-10-01
C002,Whitney,South,error,Camera strategy do result effect.,2025-10-02
C003,Bianca,West,5.0,Never stop particular road she.,2025-10-03
C004,Anne,South,1.0,Night my between media.,2025-10-04
C005,Natalie,East,3.0,Defense see particular imagine.,2025-10-05
C006,Timothy,East,1.0,Radio stuff physical tax imagine.,2025-10-06
C007,Mary,South,,Size decide result.,2025-10-07
C008,Jacob,North,5.0,Change physical purpose.,2025-10-08
C009,Isabel,North,4.0,Push more wear.,2025-10-09
C010,Sandy,West,1.0,Wonder can feeling process bring administration.,2025-10-10
C011,Amanda,South,1.0,Military town media its.,2025-10-11
C012,Luke,North,4.0,Cup employee sort from.,2025-10-12
C013,Denise,East,1.0,Series old nation choice cause.,
C014,Stephanie,,4.0,Simple several bring agreement seven.,2025-10-14
C015,Kathy,,3.0,,2025-10-15
C016,Tim,North,3.0,Where reveal art message collection.,2025-10-16
C017,Tiffany,North,4.0,They to head.,2025-10-17
C018,Emily,East,3.0,Exist language staff institution.,
C019,Hannah,South,1.0,Another happen general agree hospital section.,2025-10-19
C020,Richard,North,4.0,Have could goal determine.,2025-10-20
C021,Jennifer,North,2.0,Fly fill foreign trouble tonight.,2025-10-21
C022,Cody,South,,Into institution can option specific number.,2025-10-22
C023,Paul,South,1.0,,2025-10-23
C024,Madeline,East,4.0,Operation coach group citizen debate base.,2025-10-24
C025,Chad,North,2.0,Economic bar seem poor these nothing.,2025-10-25
C026,Melissa,,,Add democratic alone born wish professional.,2025-10-26
C027,Brenda,West,4.0,Important idea science trial realize.,2025-10-27
C028,Evan,East,error,Design give do agreement kind.,2025-10-28
C029,Heather,West,,Whole during impact.,
C030,Melissa,West,3.0,Computer threat would huge.,2025-10-30
C031,Miguel,South,3.0,Hotel finally hand federal.,2025-10-31
C032,Jeffrey,North,1.0,Order stuff market because data.,2025-11-01
C033,Michael,,4.0,Cause coach will.,2025-11-02
C034,Dawn,East,5.0,Answer fish picture.,2025-11-03
C035,Darlene,West,4.0,Office morning be something item election.,2025-11-04
C036,Ronald,East,1.0,Health product past president pretty learn.,2025-11-05
C037,John,North,5.0,Radio something order one hand.,2025-11-06
C038,Thomas,North,3.0,Team large condition full simply next.,2025-11-07
C039,Diana,East,1.0,Third rich care race.,2025-11-08
C040,Thomas,North,4.0,Current choice voice.,2025-11-09
C041,Sarah,North,2.0,Opportunity able art improve.,2025-11-10
C042,Christian,West,2.0,,2025-11-11
C043,Rebecca,South,3.0,,2025-11-12
C044,Daniel,South,3.0,Every become home meeting method.,2025-11-13
C045,Morgan,East,3.0,Use learn according father modern agree.,2025-11-14
C046,Cody,South,,Million tax natural.,2025-11-15
C047,Michael,West,2.0,Pay unit morning whatever.,2025-11-16
C048,Carol,South,1.0,Me cold lawyer federal short for.,2025-11-17
C049,Stephanie,,4.0,Middle create reality.,
C050,Jacqueline,West,5.0,,
